{"metadata":{"usedHelpers":[],"marked":[],"modules":{"imports":[],"exports":{"exported":[],"specifiers":[]}}},"options":{"filename":"/client/siteace.js","filenameRelative":"/client/siteace.js","env":{},"retainLines":false,"highlightCode":true,"suppressDeprecationMessages":false,"presets":[],"plugins":[[[],{"polyfill":false}],[[],null],[[],null],[[],null],[[],null],[[],null],[[],null],[[],null],[[],null],[[],null],[[],null],[[],null],[[],null],[[],null],[[],null],[[],null],[[],{"loose":true}],[[],{"loose":true}],[[],null],[[],{"loose":true}],[[],null],[[],null],[[],null],[[],null],[[],null],[[],null],[[],null],[[],{"loose":true}],[[],null],[[],null],[[],null],[[],null],[[],null],[[],null],[[],null],[[],null]],"ignore":[],"code":true,"metadata":true,"ast":false,"comments":true,"compact":false,"minified":false,"sourceMap":true,"sourceMaps":true,"sourceMapTarget":"/client/siteace.js.map","sourceFileName":"/client/siteace.js","babelrc":false,"sourceType":"module","moduleIds":false,"passPerPreset":false,"basename":"siteace"},"ignored":false,"code":"// Routing\nRouter.configure({\n\tlayoutTemplate: 'ApplicationLayout',\n\twebsiteRighPanelTemplate: 'WebsiteRightPanelTemplate'\n});\n\nRouter.route('/', {\n\tlayoutTemplate: 'ApplicationLayout',\n\taction: function () {\n\t\tfunction action() {\n\t\t\tthis.render('navbar', {\n\t\t\t\tto: \"navbar\"\n\t\t\t});\n\t\t\tthis.render('mainContent', {\n\t\t\t\tto: \"main\"\n\t\t\t});\n\t\t\tthis.render('site_add_confirm', {\n\t\t\t\tto: \"site_add_confirm\"\n\t\t\t});\n\t\t\tthis.render('recommended_sites', {\n\t\t\t\tto: \"RightPanelTemplate\"\n\t\t\t});\n\t\t}\n\n\t\treturn action;\n\t}()\n});\n\nRouter.route('/website/:_id', function () {\n\tthis.render('navbar', {\n\t\tto: \"navbar\"\n\t});\n\tthis.render('website', {\n\t\tto: \"main\",\n\t\tdata: function () {\n\t\t\tfunction data() {\n\t\t\t\treturn Websites.findOne({ _id: this.params._id });\n\t\t\t}\n\n\t\t\treturn data;\n\t\t}()\n\t});\n\tthis.render('site_add_confirm', {\n\t\tto: \"site_add_confirm\"\n\t});\n});\n\n/// accounts config\n\nAccounts.ui.config({\n\tpasswordSignupFields: \"USERNAME_AND_EMAIL\"\n});\n\nTemplate.site_add_confirm.onCreated(function () {\n\tfunction site_add_confirmOnCreated() {\n\t\tvar that = this;\n\t\tthis.message = new ReactiveVar({});\n\t}\n\n\treturn site_add_confirmOnCreated;\n}());\n\nTemplate.comments_form.onCreated(function () {\n\tfunction commemtsFormOnCreated() {\n\t\tvar that = this;\n\t\tthat.pristineEditingComment = {\n\t\t\trating: 5,\n\t\t\tpostedAt: new Date()\n\t\t};\n\t\tthis.editingComment = new ReactiveVar($.extend({}, that.pristineEditingComment));\n\t}\n\n\treturn commemtsFormOnCreated;\n}());\n\nvar filterObj = function filterObj(filterVal) {\n\treturn { '$regex': filterVal, $options: 'i' };\n};\n\n/////\n// template helpers\n/////\n\n// helper function that returns all the recommended sites\nTemplate.recommended_sites.helpers({\n\trecommendSites: function () {\n\t\tfunction recommendSites() {\n\t\t\t// First we recover the sites that have been voted up\n\t\t\tvar votedUpSitesCursor = Websites.find({ upvotes: { $gt: 0 } }, { sort: { upvotes: -1 } });\n\t\t\tvar recommendedSites = [];\n\t\t\tvar pieces = [];\n\t\t\tvotedUpSitesCursor.forEach(function (site) {\n\t\t\t\tif (site.title) {\n\t\t\t\t\tvar titlePieces = site.title.split(' ');\n\t\t\t\t\tif (titlePieces && titlePieces.length > 0) {\n\t\t\t\t\t\tpieces = _.union(pieces, titlePieces);\n\t\t\t\t\t}\n\t\t\t\t}\n\t\t\t});\n\t\t\tif (!_.isEmpty(pieces)) {\n\t\t\t\t// For each piece We look for sites in the db\n\t\t\t\t$.each(pieces, function (index, piece) {\n\t\t\t\t\tif (piece && piece.match(/^[0-9a-zA-Z]+$/)) {\n\t\t\t\t\t\tvar sitesByPieceCursor = Websites.find({ $or: [{ title: filterObj(piece) }, { description: filterObj(piece) }] });\n\t\t\t\t\t\tsitesByPieceCursor.forEach(function (site) {\n\t\t\t\t\t\t\tif (!_.find(recommendedSites, function (recommendedSite) {\n\t\t\t\t\t\t\t\treturn recommendedSite.url === site.url;\n\t\t\t\t\t\t\t})) {\n\t\t\t\t\t\t\t\trecommendedSites.push(site);\n\t\t\t\t\t\t\t}\n\t\t\t\t\t\t});\n\t\t\t\t\t}\n\t\t\t\t});\n\t\t\t}\n\t\t\treturn recommendedSites;\n\t\t}\n\n\t\treturn recommendSites;\n\t}()\n});\n\n// helper function that returns all available websites\nTemplate.website_list.helpers({\n\twebsites: function () {\n\t\tfunction websites() {\n\t\t\tvar filterVal = Session.get(\"siteFilter\");\n\t\t\tif (filterVal) {\n\t\t\t\treturn Websites.find({ $or: [{ title: filterObj(filterVal) }, { description: filterObj(filterVal) }, { url: filterObj(filterVal) }] });\n\t\t\t} else {\n\t\t\t\treturn Websites.find({}, { sort: { upvotes: -1 } });\n\t\t\t}\n\t\t}\n\n\t\treturn websites;\n\t}()\n});\n\nvar websiteCommonHelpers = {\n\tgetFormattedDate: function () {\n\t\tfunction getFormattedDate(date) {\n\t\t\treturn moment(date).format('MMMM Do YYYY, h:mm:ss a');\n\t\t}\n\n\t\treturn getFormattedDate;\n\t}()\n};\n\nTemplate.website_item.helpers(websiteCommonHelpers);\n\nvar websiteHelper = $.extend({}, websiteCommonHelpers, {\n\tgetPostedBy: function () {\n\t\tfunction getPostedBy() {\n\t\t\tvar postedByUser = Meteor.users.findOne({ _id: this.postedBy });\n\t\t\treturn postedByUser ? postedByUser.username : '';\n\t\t}\n\n\t\treturn getPostedBy;\n\t}()\n});\n\nTemplate.website.helpers(websiteHelper);\n\nTemplate.site_add_confirm.helpers({\n\tmessage: function () {\n\t\tfunction message() {\n\t\t\treturn Template.instance().message.get();\n\t\t}\n\n\t\treturn message;\n\t}()\n});\n\nTemplate.comments_form.helpers($.extend({}, websiteCommonHelpers, {\n\teditingComment: function () {\n\t\tfunction editingComment() {\n\t\t\treturn Template.instance().editingComment.get();\n\t\t}\n\n\t\treturn editingComment;\n\t}()\n}));\n\n/////\n// template events\n/////\n\nTemplate.website_search.events({\n\t'keyup .js-set-site-filter': function () {\n\t\tfunction keyupJsSetSiteFilter(event, instance) {\n\t\t\tSession.set(\"siteFilter\", event.target.value);\n\t\t}\n\n\t\treturn keyupJsSetSiteFilter;\n\t}()\n});\n\nTemplate.site_add_confirm.events({\n\t'change #site_add_confirm': function () {\n\t\tfunction changeSite_add_confirm(event, instance, data) {\n\t\t\tinstance.message.set(data);\n\t\t}\n\n\t\treturn changeSite_add_confirm;\n\t}()\n});\n\nvar websiteCommonEvents = {\n\t\"click .js-upvote\": function () {\n\t\tfunction clickJsUpvote(event) {\n\t\t\t// example of how you can access the id for the website in the database\n\t\t\t// (this is the data context for the template)\n\t\t\tvar website_id = this._id;\n\t\t\tconsole.log(\"Up voting website with id \" + website_id);\n\t\t\t// put the code in here to add a vote to a website!\n\t\t\tvar website = Websites.findOne({ _id: website_id });\n\t\t\tvar upvotes = website.upvotes ? website.upvotes + 1 : 1;\n\t\t\tWebsites.update({ _id: website_id }, { $set: { \"upvotes\": upvotes } });\n\n\t\t\treturn false; // prevent the button from reloading the page\n\t\t}\n\n\t\treturn clickJsUpvote;\n\t}(),\n\t\"click .js-downvote\": function () {\n\t\tfunction clickJsDownvote(event) {\n\n\t\t\t// example of how you can access the id for the website in the database\n\t\t\t// (this is the data context for the template)\n\t\t\tvar website_id = this._id;\n\t\t\tconsole.log(\"Down voting website with id \" + website_id);\n\t\t\t// put the code in here to remove a vote from a website!\n\t\t\tvar website = Websites.findOne({ _id: website_id });\n\t\t\tvar downvotes = website.downvotes ? website.downvotes + 1 : 1;\n\t\t\tWebsites.update({ _id: website_id }, { $set: { \"downvotes\": downvotes } });\n\n\t\t\treturn false; // prevent the button from reloading the page\n\t\t}\n\n\t\treturn clickJsDownvote;\n\t}()\n};\n\nTemplate.website_item.events(websiteCommonEvents);\n\nTemplate.website.events(websiteCommonEvents);\n\nvar refresh_editingComment = function refresh_editingComment(event, instance) {\n\tvar editingComment = instance.editingComment.get();\n\teditingComment[$(event.currentTarget).attr('name')] = $(event.currentTarget).val();\n\teditingComment['postedAt'] = new Date();\n\tinstance.editingComment.set(editingComment);\n};\n\nTemplate.comments_form.events({\n\t\"submit .js-save-comment-form\": function () {\n\t\tfunction submitJsSaveCommentForm(event, instance) {\n\t\t\tif (Meteor.user()) {\n\t\t\t\t// We add the comment to the website\n\t\t\t\tvar website = Websites.findOne({ _id: this._id });\n\t\t\t\tvar comments = website.comments;\n\t\t\t\tvar comment = {\n\t\t\t\t\trating: event.target.rating.value,\n\t\t\t\t\tcomment: event.target.comments.value,\n\t\t\t\t\tpostedBy: Meteor.user()._id,\n\t\t\t\t\tpostedAt: new Date()\n\t\t\t\t};\n\t\t\t\tif (comments && comments.length > 0) {\n\t\t\t\t\twebsite.comments.push(comment);\n\t\t\t\t} else {\n\t\t\t\t\twebsite.comments = [comment];\n\t\t\t\t}\n\t\t\t\tWebsites.update({ _id: website._id }, { $set: { \"comments\": website.comments } });\n\t\t\t\tinstance.editingComment.set($.extend({}, instance.pristineEditingComment, { postedAt: new Date() }));\n\t\t\t\t$('.js-save-comment-form')[0].reset();\n\t\t\t\t$('#site_add_confirm').trigger('change', { title: 'Site Confirmation', message: 'The comment about this Web Site has been added!' });\n\t\t\t\t$('#site_add_confirm').modal('show');\n\t\t\t} else {\n\t\t\t\t$('#site_add_confirm').trigger('change', { title: 'Site Confirmation', message: 'The users need to be logged in first to add a comment on a Web Site!' });\n\t\t\t\t$('#site_add_confirm').modal('show');\n\t\t\t}\n\t\t\treturn false; // stop the form submit from reloading the page\n\t\t}\n\n\t\treturn submitJsSaveCommentForm;\n\t}(),\n\t\"keyup .js-refresh-editingComment :input:not(':button')\": refresh_editingComment,\n\t\"click .js-refresh-editingComment :input:not(':button')\": refresh_editingComment\n});\n\nTemplate.website_form.events({\n\t\"click .js-toggle-website-form\": function () {\n\t\tfunction clickJsToggleWebsiteForm(event) {\n\t\t\t$(\"#website_form\").toggle('slow');\n\t\t}\n\n\t\treturn clickJsToggleWebsiteForm;\n\t}(),\n\t\"submit .js-save-website-form\": function () {\n\t\tfunction submitJsSaveWebsiteForm(event) {\n\n\t\t\t// here is an example of how to get the url out of the form:\n\t\t\tvar url = event.target.url.value;\n\t\t\tconsole.log(\"The url they entered is: \" + url);\n\t\t\tif (Meteor.user()) {\n\t\t\t\t//  put your website saving code in here!\n\t\t\t\tMeteor.call(\"getWebsiteData\", url, function (err, data) {\n\t\t\t\t\tvar $content = $('<div>');\n\t\t\t\t\t$content.append($.parseHTML(data.content));\n\t\t\t\t\tWebsites.insert({\n\t\t\t\t\t\ttitle: $('title', $content).text(),\n\t\t\t\t\t\turl: url,\n\t\t\t\t\t\tdescription: $('meta[name=\"description\"]', $content).attr('content'),\n\t\t\t\t\t\tcreatedOn: new Date(),\n\t\t\t\t\t\tcreatedBy: Meteor.user()._id\n\t\t\t\t\t});\n\t\t\t\t\t//Template.site_add_confirm.helpers({title:'Site Confirmation', message:'The site has been added!'});\n\t\t\t\t\t$('#site_add_confirm').trigger('change', { title: 'Site Confirmation', message: 'The site has been added!' });\n\t\t\t\t\t$('#site_add_confirm').modal('show');\n\t\t\t\t\t$('.js-save-website-form')[0].reset();\n\t\t\t\t});\n\t\t\t} else {\n\t\t\t\t//Template.site_add_confirm.helpers({title:'Site Confirmation', message:'The users needs to logged in first to add a Web Site!'});\n\t\t\t\t$('#site_add_confirm').trigger('change', { title: 'Site Confirmation', message: 'The users needs to be logged in first to add a Web Site!' });\n\t\t\t\t$('#site_add_confirm').modal('show');\n\t\t\t}\n\n\t\t\treturn false; // stop the form submit from reloading the page\n\t\t}\n\n\t\treturn submitJsSaveWebsiteForm;\n\t}()\n});","ast":null,"map":{"version":3,"sources":["/client/siteace.js"],"names":[],"mappings":";AACA,OAAO,SAAP,CAAiB;AAChB,iBAAgB,mBADA;AAEhB,2BAA0B;AAFV,CAAjB;;AAKA,OAAO,KAAP,CAAa,GAAb,EAAkB;AACjB,iBAAgB,mBADC;AAEjB;AAAQ,oBAAY;AACnB,QAAK,MAAL,CAAY,QAAZ,EAAsB;AACrB,QAAG;AADkB,IAAtB;AAGA,QAAK,MAAL,CAAY,aAAZ,EAA2B;AAC1B,QAAG;AADuB,IAA3B;AAGA,QAAK,MAAL,CAAY,kBAAZ,EAAgC;AAC/B,QAAG;AAD4B,IAAhC;AAGA,QAAK,MAAL,CAAY,mBAAZ,EAAiC;AAChC,QAAG;AAD6B,IAAjC;AAGA;;AAbD;AAAA;AAFiB,CAAlB;;AAkBA,OAAO,KAAP,CAAa,eAAb,EAA8B,YAAY;AACzC,MAAK,MAAL,CAAY,QAAZ,EAAsB;AACrB,MAAG;AADkB,EAAtB;AAGA,MAAK,MAAL,CAAY,SAAZ,EAAuB;AACtB,MAAG,MADmB;AAEtB;AAAM,mBAAW;AAChB,WAAO,SAAS,OAAT,CAAiB,EAAC,KAAI,KAAK,MAAL,CAAY,GAAjB,EAAjB,CAAP;AACA;;AAFD;AAAA;AAFsB,EAAvB;AAMA,MAAK,MAAL,CAAY,kBAAZ,EAAgC;AAC/B,MAAG;AAD4B,EAAhC;AAGA,CAbD;;;;AAiBA,SAAS,EAAT,CAAY,MAAZ,CAAmB;AACjB,uBAAsB;AADL,CAAnB;;AAKA,SAAS,gBAAT,CAA0B,SAA1B;AAAoC,UAAS,yBAAT,GAAqC;AACxE,MAAI,OAAO,IAAX;AACA,OAAK,OAAL,GAAe,IAAI,WAAJ,CAAgB,EAAhB,CAAf;AACA;;AAHD,QAA6C,yBAA7C;AAAA;;AAKA,SAAS,aAAT,CAAuB,SAAvB;AAAiC,UAAS,qBAAT,GAAiC;AACjE,MAAI,OAAO,IAAX;AACA,OAAK,sBAAL,GAA8B;AAC7B,WAAQ,CADqB;AAE7B,aAAU,IAAI,IAAJ;AAFmB,GAA9B;AAIA,OAAK,cAAL,GAAsB,IAAI,WAAJ,CAAgB,EAAE,MAAF,CAAS,EAAT,EAAa,KAAK,sBAAlB,CAAhB,CAAtB;AACA;;AAPD,QAA0C,qBAA1C;AAAA;;AASA,IAAI,YAAY,SAAZ,SAAY,CAAS,SAAT,EAAoB;AACnC,QAAO,EAAC,UAAU,SAAX,EAAsB,UAAS,GAA/B,EAAP;AACA,CAFD;;;;;;;AASA,SAAS,iBAAT,CAA2B,OAA3B,CAAmC;AAClC;AAAe,4BAAU;;AAExB,OAAI,qBAAqB,SAAS,IAAT,CAAc,EAAC,SAAS,EAAE,KAAK,CAAP,EAAV,EAAd,EAAoC,EAAC,MAAK,EAAC,SAAS,CAAC,CAAX,EAAN,EAApC,CAAzB;AACA,OAAI,mBAAmB,EAAvB;AACA,OAAI,SAAS,EAAb;AACA,sBAAmB,OAAnB,CAA2B,UAAS,IAAT,EAAe;AACzC,QAAI,KAAK,KAAT,EAAgB;AACf,SAAI,cAAc,KAAK,KAAL,CAAW,KAAX,CAAiB,GAAjB,CAAlB;AACA,SAAI,eAAe,YAAY,MAAZ,GAAqB,CAAxC,EAA2C;AAC1C,eAAS,EAAE,KAAF,CAAQ,MAAR,EAAgB,WAAhB,CAAT;AACA;AACD;AACD,IAPD;AAQA,OAAI,CAAC,EAAE,OAAF,CAAU,MAAV,CAAL,EAAwB;;AAEvB,MAAE,IAAF,CAAO,MAAP,EAAe,UAAS,KAAT,EAAgB,KAAhB,EAAuB;AACrC,SAAI,SAAS,MAAM,KAAN,CAAY,gBAAZ,CAAb,EAA4C;AAC3C,UAAI,qBAAqB,SAAS,IAAT,CAAc,EAAC,KAAK,CAAC,EAAC,OAAM,UAAU,KAAV,CAAP,EAAD,EAA2B,EAAC,aAAY,UAAU,KAAV,CAAb,EAA3B,CAAN,EAAd,CAAzB;AACA,yBAAmB,OAAnB,CAA2B,UAAS,IAAT,EAAe;AACzC,WAAI,CAAC,EAAE,IAAF,CAAO,gBAAP,EAAyB,UAAU,eAAV,EAA2B;AAAC,eAAO,gBAAgB,GAAhB,KAAwB,KAAK,GAApC;AAAyC,QAA9F,CAAL,EAAsG;AACrG,yBAAiB,IAAjB,CAAsB,IAAtB;AACA;AACD,OAJD;AAKA;AACD,KATD;AAUA;AACD,UAAO,gBAAP;AACA;;AA3BD;AAAA;AADkC,CAAnC;;;AAgCA,SAAS,YAAT,CAAsB,OAAtB,CAA8B;AAC7B;AAAS,sBAAU;AAClB,OAAI,YAAY,QAAQ,GAAR,CAAY,YAAZ,CAAhB;AACA,OAAI,SAAJ,EAAe;AACd,WAAO,SAAS,IAAT,CAAc,EAAC,KAAK,CAAC,EAAC,OAAM,UAAU,SAAV,CAAP,EAAD,EAA+B,EAAC,aAAY,UAAU,SAAV,CAAb,EAA/B,EAAmE,EAAC,KAAI,UAAU,SAAV,CAAL,EAAnE,CAAN,EAAd,CAAP;AACA,IAFD,MAEO;AACN,WAAO,SAAS,IAAT,CAAc,EAAd,EAAkB,EAAC,MAAK,EAAC,SAAS,CAAC,CAAX,EAAN,EAAlB,CAAP;AACA;AACD;;AAPD;AAAA;AAD6B,CAA9B;;AAWA,IAAI,uBAAuB;AAC1B;AAAiB,4BAAS,IAAT,EAAc;AAC9B,UAAO,OAAO,IAAP,EAAa,MAAb,CAAoB,yBAApB,CAAP;AACA;;AAFD;AAAA;AAD0B,CAA3B;;AAMA,SAAS,YAAT,CAAsB,OAAtB,CAA8B,oBAA9B;;AAEA,IAAI,gBAAgB,EAAE,MAAF,CAAS,EAAT,EAAa,oBAAb,EAAmC;AACtD;AAAY,yBAAU;AACrB,OAAI,eAAe,OAAO,KAAP,CAAa,OAAb,CAAqB,EAAC,KAAK,KAAK,QAAX,EAArB,CAAnB;AACA,UAAO,eAAe,aAAa,QAA5B,GAAuC,EAA9C;AACA;;AAHD;AAAA;AADsD,CAAnC,CAApB;;AAOA,SAAS,OAAT,CAAiB,OAAjB,CAAyB,aAAzB;;AAEA,SAAS,gBAAT,CAA0B,OAA1B,CAAkC;AACjC,QADiC;AAAA,qBACvB;AACN,UAAO,SAAS,QAAT,GAAoB,OAApB,CAA4B,GAA5B,EAAP;AACD;;AAH8B;AAAA;AAAA,CAAlC;;AAMA,SAAS,aAAT,CAAuB,OAAvB,CAA+B,EAAE,MAAF,CAAS,EAAT,EAAa,oBAAb,EAAmC;AACjE;AAAe,4BAAU;AACxB,UAAO,SAAS,QAAT,GAAoB,cAApB,CAAmC,GAAnC,EAAP;AACA;;AAFD;AAAA;AADiE,CAAnC,CAA/B;;;;;;AAUA,SAAS,cAAT,CAAwB,MAAxB,CAA+B;AAC9B,4BAD8B;AAAA,gCACF,KADE,EACK,QADL,EACe;AAC5C,WAAQ,GAAR,CAAY,YAAZ,EAA0B,MAAM,MAAN,CAAa,KAAvC;AACA;;AAH6B;AAAA;AAAA,CAA/B;;AAMA,SAAS,gBAAT,CAA0B,MAA1B,CAAiC;AAC/B,2BAD+B;AAAA,kCACJ,KADI,EACG,QADH,EACa,IADb,EACmB;AACjD,YAAS,OAAT,CAAiB,GAAjB,CAAqB,IAArB;AACA;;AAH8B;AAAA;AAAA,CAAjC;;AAMA,IAAI,sBAAsB;AACzB;AAAmB,yBAAS,KAAT,EAAe;;;AAGjC,OAAI,aAAa,KAAK,GAAtB;AACA,WAAQ,GAAR,CAAY,+BAA6B,UAAzC;;AAEA,OAAI,UAAU,SAAS,OAAT,CAAiB,EAAC,KAAK,UAAN,EAAjB,CAAd;AACA,OAAI,UAAW,QAAQ,OAAR,GAAkB,QAAQ,OAAR,GAAkB,CAApC,GAAwC,CAAvD;AACA,YAAS,MAAT,CAAgB,EAAC,KAAK,UAAN,EAAhB,EAAmC,EAAC,MAAM,EAAC,WAAW,OAAZ,EAAP,EAAnC;;AAEA,UAAO,KAAP,C;AACA;;AAXD;AAAA,IADyB;AAazB;AAAqB,2BAAS,KAAT,EAAe;;;;AAInC,OAAI,aAAa,KAAK,GAAtB;AACA,WAAQ,GAAR,CAAY,iCAA+B,UAA3C;;AAEA,OAAI,UAAU,SAAS,OAAT,CAAiB,EAAC,KAAK,UAAN,EAAjB,CAAd;AACA,OAAI,YAAa,QAAQ,SAAR,GAAoB,QAAQ,SAAR,GAAoB,CAAxC,GAA4C,CAA7D;AACA,YAAS,MAAT,CAAgB,EAAC,KAAK,UAAN,EAAhB,EAAmC,EAAC,MAAM,EAAC,aAAa,SAAd,EAAP,EAAnC;;AAEA,UAAO,KAAP,C;AACA;;AAZD;AAAA;AAbyB,CAA1B;;AA4BA,SAAS,YAAT,CAAsB,MAAtB,CAA6B,mBAA7B;;AAEA,SAAS,OAAT,CAAiB,MAAjB,CAAwB,mBAAxB;;AAEA,IAAI,yBAAyB,SAAzB,sBAAyB,CAAS,KAAT,EAAgB,QAAhB,EAA0B;AACtD,KAAI,iBAAiB,SAAS,cAAT,CAAwB,GAAxB,EAArB;AACA,gBAAe,EAAE,MAAM,aAAR,EAAuB,IAAvB,CAA4B,MAA5B,CAAf,IAAsD,EAAE,MAAM,aAAR,EAAuB,GAAvB,EAAtD;AACA,gBAAe,UAAf,IAA6B,IAAI,IAAJ,EAA7B;AACA,UAAS,cAAT,CAAwB,GAAxB,CAA4B,cAA5B;AACA,CALD;;AAOA,SAAS,aAAT,CAAuB,MAAvB,CAA8B;AAC7B;AAA+B,mCAAS,KAAT,EAAgB,QAAhB,EAA0B;AACxD,OAAI,OAAO,IAAP,EAAJ,EAAmB;;AAElB,QAAI,UAAU,SAAS,OAAT,CAAiB,EAAC,KAAI,KAAK,GAAV,EAAjB,CAAd;AACA,QAAI,WAAW,QAAQ,QAAvB;AACA,QAAI,UAAU;AACb,aAAQ,MAAM,MAAN,CAAa,MAAb,CAAoB,KADf;AAEb,cAAS,MAAM,MAAN,CAAa,QAAb,CAAsB,KAFlB;AAGb,eAAU,OAAO,IAAP,GAAc,GAHX;AAIb,eAAU,IAAI,IAAJ;AAJG,KAAd;AAMA,QAAI,YAAY,SAAS,MAAT,GAAkB,CAAlC,EAAqC;AACpC,aAAQ,QAAR,CAAiB,IAAjB,CAAsB,OAAtB;AACA,KAFD,MAEO;AACN,aAAQ,QAAR,GAAmB,CAAC,OAAD,CAAnB;AACA;AACD,aAAS,MAAT,CAAgB,EAAC,KAAK,QAAQ,GAAd,EAAhB,EAAoC,EAAC,MAAM,EAAC,YAAY,QAAQ,QAArB,EAAP,EAApC;AACA,aAAS,cAAT,CAAwB,GAAxB,CAA4B,EAAE,MAAF,CAAS,EAAT,EAAa,SAAS,sBAAtB,EAA8C,EAAC,UAAU,IAAI,IAAJ,EAAX,EAA9C,CAA5B;AACA,MAAE,uBAAF,EAA2B,CAA3B,EAA8B,KAA9B;AACA,MAAE,mBAAF,EAAuB,OAAvB,CAA+B,QAA/B,EAAyC,EAAC,OAAM,mBAAP,EAA4B,SAAQ,iDAApC,EAAzC;AACG,MAAE,mBAAF,EAAuB,KAAvB,CAA6B,MAA7B;AACH,IApBD,MAoBO;AACN,MAAE,mBAAF,EAAuB,OAAvB,CAA+B,QAA/B,EAAyC,EAAC,OAAM,mBAAP,EAA4B,SAAQ,sEAApC,EAAzC;AACG,MAAE,mBAAF,EAAuB,KAAvB,CAA6B,MAA7B;AACH;AACD,UAAO,KAAP,C;AACA;;AA1BD;AAAA,IAD6B;AA4B7B,2DAA0D,sBA5B7B;AA6B7B,2DAA0D;AA7B7B,CAA9B;;AAgCA,SAAS,YAAT,CAAsB,MAAtB,CAA6B;AAC5B;AAAgC,oCAAS,KAAT,EAAe;AAC9C,KAAE,eAAF,EAAmB,MAAnB,CAA0B,MAA1B;AACA;;AAFD;AAAA,IAD4B;AAI5B;AAA+B,mCAAS,KAAT,EAAe;;;AAG7C,OAAI,MAAM,MAAM,MAAN,CAAa,GAAb,CAAiB,KAA3B;AACA,WAAQ,GAAR,CAAY,8BAA4B,GAAxC;AACA,OAAI,OAAO,IAAP,EAAJ,EAAkB;;AAEjB,WAAO,IAAP,CAAY,gBAAZ,EAA8B,GAA9B,EAAmC,UAAS,GAAT,EAAc,IAAd,EAAoB;AACtD,SAAI,WAAW,EAAE,OAAF,CAAf;AACS,cAAS,MAAT,CAAgB,EAAE,SAAF,CAAY,KAAK,OAAjB,CAAhB;AACT,cAAS,MAAT,CAAgB;AACZ,aAAM,EAAE,OAAF,EAAW,QAAX,EAAqB,IAArB,EADM;AAEZ,WAAI,GAFQ;AAGZ,mBAAY,EAAE,0BAAF,EAA8B,QAA9B,EAAwC,IAAxC,CAA6C,SAA7C,CAHA;AAIZ,iBAAU,IAAI,IAAJ,EAJE;AAKZ,iBAAU,OAAO,IAAP,GAAc;AALZ,MAAhB;;AAQG,OAAE,mBAAF,EAAuB,OAAvB,CAA+B,QAA/B,EAAyC,EAAC,OAAM,mBAAP,EAA4B,SAAQ,0BAApC,EAAzC;AACA,OAAE,mBAAF,EAAuB,KAAvB,CAA6B,MAA7B;AACA,OAAE,uBAAF,EAA2B,CAA3B,EAA8B,KAA9B;AACH,KAdD;AAeA,IAjBD,MAiBO;;AAEN,MAAE,mBAAF,EAAuB,OAAvB,CAA+B,QAA/B,EAAyC,EAAC,OAAM,mBAAP,EAA4B,SAAQ,0DAApC,EAAzC;AACG,MAAE,mBAAF,EAAuB,KAAvB,CAA6B,MAA7B;AACH;;AAED,UAAO,KAAP,C;AAEA;;AA9BD;AAAA;AAJ4B,CAA7B","file":"/client/siteace.js.map","sourcesContent":["// Routing\nRouter.configure({\n\tlayoutTemplate: 'ApplicationLayout',\n\twebsiteRighPanelTemplate: 'WebsiteRightPanelTemplate'\n});\n\nRouter.route('/', {\n\tlayoutTemplate: 'ApplicationLayout',\n\taction: function () {\n\t\tthis.render('navbar', {\n\t\t\tto:\"navbar\"\n\t\t});\n\t\tthis.render('mainContent', {\n\t\t\tto:\"main\"\n\t\t});\n\t\tthis.render('site_add_confirm', {\n\t\t\tto:\"site_add_confirm\"\n\t\t});\n\t\tthis.render('recommended_sites', {\n\t\t\tto:\"RightPanelTemplate\",\n\t\t});\n\t},\n});\n\nRouter.route('/website/:_id', function () {\n\tthis.render('navbar', {\n\t\tto:\"navbar\"\n\t});\n\tthis.render('website', {\n\t\tto:\"main\",\n\t\tdata: function() {\n\t\t\treturn Websites.findOne({_id:this.params._id});\n\t\t}\n\t});\n\tthis.render('site_add_confirm', {\n\t\tto:\"site_add_confirm\"\n\t});\n});\n\n/// accounts config\n\nAccounts.ui.config({\n  passwordSignupFields: \"USERNAME_AND_EMAIL\"\n});\n\n\nTemplate.site_add_confirm.onCreated(function site_add_confirmOnCreated() {\n\tvar that = this;\n\tthis.message = new ReactiveVar({});\n});\n\nTemplate.comments_form.onCreated(function commemtsFormOnCreated() { \n\tvar that = this;\n\tthat.pristineEditingComment = {\n\t\trating: 5,\n\t\tpostedAt: new Date()\n\t};\n\tthis.editingComment = new ReactiveVar($.extend({}, that.pristineEditingComment));\n});\n\nvar filterObj = function(filterVal) {\n\treturn {'$regex': filterVal, $options:'i'};\t\t\t\n};\n\n/////\n// template helpers \n/////\n\n// helper function that returns all the recommended sites\nTemplate.recommended_sites.helpers({\n\trecommendSites:function(){\n\t\t// First we recover the sites that have been voted up\n\t\tvar votedUpSitesCursor = Websites.find({upvotes: { $gt: 0}}, {sort:{upvotes: -1}});\n\t\tvar recommendedSites = [];\n\t\tvar pieces = [];\n\t\tvotedUpSitesCursor.forEach(function(site) {\n\t\t\tif (site.title) {\n\t\t\t\tvar titlePieces = site.title.split(' ');\n\t\t\t\tif (titlePieces && titlePieces.length > 0) {\n\t\t\t\t\tpieces = _.union(pieces, titlePieces);\n\t\t\t\t}\n\t\t\t}\n\t\t});\t\t\t\n\t\tif (!_.isEmpty(pieces)) {\n\t\t\t// For each piece We look for sites in the db\n\t\t\t$.each(pieces, function(index, piece) {\n\t\t\t\tif (piece && piece.match(/^[0-9a-zA-Z]+$/)) {\n\t\t\t\t\tvar sitesByPieceCursor = Websites.find({$or: [{title:filterObj(piece)}, {description:filterObj(piece)}]});\n\t\t\t\t\tsitesByPieceCursor.forEach(function(site) {\n\t\t\t\t\t\tif (!_.find(recommendedSites, function (recommendedSite) {return recommendedSite.url === site.url;})) {\n\t\t\t\t\t\t\trecommendedSites.push(site);\n\t\t\t\t\t\t}\n\t\t\t\t\t});\n\t\t\t\t}\n\t\t\t});\t\n\t\t}\n\t\treturn recommendedSites;\n\t}\n});\n\n// helper function that returns all available websites\nTemplate.website_list.helpers({\n\twebsites:function(){\n\t\tvar filterVal = Session.get(\"siteFilter\");\t\t\n\t\tif (filterVal) {\n\t\t\treturn Websites.find({$or: [{title:filterObj(filterVal)}, {description:filterObj(filterVal)}, {url:filterObj(filterVal)}]});\n\t\t} else {\n\t\t\treturn Websites.find({}, {sort:{upvotes: -1}});\n\t\t}\n\t}\n});\n\nvar websiteCommonHelpers = {\n\tgetFormattedDate:function(date){\n\t\treturn moment(date).format('MMMM Do YYYY, h:mm:ss a');\n\t}\n};\n\nTemplate.website_item.helpers(websiteCommonHelpers);\n\nvar websiteHelper = $.extend({}, websiteCommonHelpers, {\n\tgetPostedBy:function(){\n\t\tvar postedByUser = Meteor.users.findOne({_id: this.postedBy});\n\t\treturn postedByUser ? postedByUser.username : '';\n\t}\n});\n\nTemplate.website.helpers(websiteHelper);\n\nTemplate.site_add_confirm.helpers({\t\n\tmessage() {\n    \treturn Template.instance().message.get();\n  \t}\n});\n\nTemplate.comments_form.helpers($.extend({}, websiteCommonHelpers, {\n\teditingComment:function(){\n\t\treturn Template.instance().editingComment.get();\n\t}\n}));\n\n/////\n// template events \n/////\n\nTemplate.website_search.events({\n\t'keyup .js-set-site-filter'(event, instance) {\t\t\n\t\tSession.set(\"siteFilter\", event.target.value);\n\t}\n});\n\nTemplate.site_add_confirm.events({\n  'change #site_add_confirm'(event, instance, data) {\n  \tinstance.message.set(data);\n  }\n});\n\nvar websiteCommonEvents = {\n\t\"click .js-upvote\":function(event){\n\t\t// example of how you can access the id for the website in the database\n\t\t// (this is the data context for the template)\n\t\tvar website_id = this._id;\n\t\tconsole.log(\"Up voting website with id \"+website_id);\n\t\t// put the code in here to add a vote to a website!\n\t\tvar website = Websites.findOne({_id: website_id});\n\t\tvar upvotes = (website.upvotes ? website.upvotes + 1 : 1);\n\t\tWebsites.update({_id: website_id}, {$set: {\"upvotes\": upvotes}});\t\n\n\t\treturn false;// prevent the button from reloading the page\n\t}, \n\t\"click .js-downvote\":function(event){\n\n\t\t// example of how you can access the id for the website in the database\n\t\t// (this is the data context for the template)\n\t\tvar website_id = this._id;\n\t\tconsole.log(\"Down voting website with id \"+website_id);\n\t\t// put the code in here to remove a vote from a website!\n\t\tvar website = Websites.findOne({_id: website_id});\n\t\tvar downvotes = (website.downvotes ? website.downvotes + 1 : 1);\n\t\tWebsites.update({_id: website_id}, {$set: {\"downvotes\": downvotes}});\t\t\n\n\t\treturn false;// prevent the button from reloading the page\n\t}\n}\n\nTemplate.website_item.events(websiteCommonEvents);\n\nTemplate.website.events(websiteCommonEvents);\n\nvar refresh_editingComment = function(event, instance) {\n\tvar editingComment = instance.editingComment.get();\n\teditingComment[$(event.currentTarget).attr('name')] = $(event.currentTarget).val();\n\teditingComment['postedAt'] = new Date();\n\tinstance.editingComment.set(editingComment);\n};\n\nTemplate.comments_form.events({\n\t\"submit .js-save-comment-form\":function(event, instance) {\n\t\tif (Meteor.user()) {\n\t\t\t// We add the comment to the website\n\t\t\tvar website = Websites.findOne({_id:this._id});\n\t\t\tvar comments = website.comments;\n\t\t\tvar comment = {\n\t\t\t\trating: event.target.rating.value,\n\t\t\t\tcomment: event.target.comments.value,\n\t\t\t\tpostedBy: Meteor.user()._id,\n\t\t\t\tpostedAt: new Date()\n\t\t\t}\t\t\t\n\t\t\tif (comments && comments.length > 0) {\n\t\t\t\twebsite.comments.push(comment);\n\t\t\t} else {\n\t\t\t\twebsite.comments = [comment];\n\t\t\t}\n\t\t\tWebsites.update({_id: website._id}, {$set: {\"comments\": website.comments}});\t\t\t\n\t\t\tinstance.editingComment.set($.extend({}, instance.pristineEditingComment, {postedAt: new Date()}));\n\t\t\t$('.js-save-comment-form')[0].reset();\n\t\t\t$('#site_add_confirm').trigger('change', {title:'Site Confirmation', message:'The comment about this Web Site has been added!'});\n\t    \t$('#site_add_confirm').modal('show');\n\t\t} else {\n\t\t\t$('#site_add_confirm').trigger('change', {title:'Site Confirmation', message:'The users need to be logged in first to add a comment on a Web Site!'});\n\t    \t$('#site_add_confirm').modal('show');\n\t\t}\n\t\treturn false; // stop the form submit from reloading the page\n\t},\n\t\"keyup .js-refresh-editingComment :input:not(':button')\": refresh_editingComment,\n\t\"click .js-refresh-editingComment :input:not(':button')\": refresh_editingComment\n});\n\nTemplate.website_form.events({\n\t\"click .js-toggle-website-form\":function(event){\n\t\t$(\"#website_form\").toggle('slow');\n\t}, \n\t\"submit .js-save-website-form\":function(event){\n\n\t\t// here is an example of how to get the url out of the form:\n\t\tvar url = event.target.url.value;\n\t\tconsole.log(\"The url they entered is: \"+url);\n\t\tif (Meteor.user()){\n\t\t\t//  put your website saving code in here!\n\t\t\tMeteor.call(\"getWebsiteData\", url, function(err, data) {\t\t\t\t\n\t\t\t\tvar $content = $('<div>');\n            \t$content.append($.parseHTML(data.content));\n\t\t\t\tWebsites.insert({\n\t\t    \t\ttitle:$('title', $content).text(),\n\t\t    \t\turl:url,\n\t\t    \t\tdescription:$('meta[name=\"description\"]', $content).attr('content'),\n\t\t    \t\tcreatedOn:new Date(),\n\t\t    \t\tcreatedBy:Meteor.user()._id\n\t\t    \t});\n\t\t    \t//Template.site_add_confirm.helpers({title:'Site Confirmation', message:'The site has been added!'});\n\t\t    \t$('#site_add_confirm').trigger('change', {title:'Site Confirmation', message:'The site has been added!'});\n\t\t    \t$('#site_add_confirm').modal('show');\n\t    \t\t$('.js-save-website-form')[0].reset();\n\t\t\t});\n\t\t} else {\n\t\t\t//Template.site_add_confirm.helpers({title:'Site Confirmation', message:'The users needs to logged in first to add a Web Site!'});\n\t\t\t$('#site_add_confirm').trigger('change', {title:'Site Confirmation', message:'The users needs to be logged in first to add a Web Site!'});\n\t    \t$('#site_add_confirm').modal('show');\n\t\t}\n\n\t\treturn false;// stop the form submit from reloading the page\n\n\t}\n});"]},"hash":"0d5882f161894fc502707f5eeb465a788c8e52b8"}
