{"metadata":{"usedHelpers":[],"marked":[],"modules":{"imports":[],"exports":{"exported":[],"specifiers":[]}}},"options":{"filename":"/lib/collections.js","filenameRelative":"/lib/collections.js","env":{},"retainLines":false,"highlightCode":true,"suppressDeprecationMessages":false,"presets":[],"plugins":[[[],{"polyfill":false}],[[],null],[[],null],[[],null],[[],null],[[],null],[[],null],[[],null],[[],null],[[],null],[[],null],[[],null],[[],null],[[],null],[[],{"loose":true}],[[],{"loose":true}],[[],null],[[],{"loose":true}],[[],null],[[],null],[[],null],[[],null],[[],null],[[],null],[[],null],[[],{"loose":true}],[[],null],[[],null],[[],null],[[],null],[[],null],[[],null],[[],null],[[],null]],"ignore":[],"code":true,"metadata":true,"ast":false,"comments":true,"compact":false,"minified":false,"sourceMap":true,"sourceMaps":true,"sourceMapTarget":"/lib/collections.js.map","sourceFileName":"/lib/collections.js","babelrc":false,"sourceType":"module","moduleIds":false,"passPerPreset":false,"basename":"collections"},"ignored":false,"code":"Websites = new Mongo.Collection(\"websites\");\n\n// set up security on Websites collection\nWebsites.allow({\n\tinsert: function insert(userId, doc) {\n\t\tconsole.log(\"testing security on website insert\");\n\t\tif (Meteor.user()) {\n\t\t\t// they are logged in\n\t\t\tif (userId != doc.createdBy) {\n\t\t\t\t// the user is messing about\n\t\t\t\treturn false;\n\t\t\t} else {\n\t\t\t\t// the user is logged in, the web site has the correct user id\n\t\t\t\treturn true;\n\t\t\t}\n\t\t} else {\n\t\t\t// user not logged in\n\t\t\treturn false;\n\t\t}\n\t},\n\tupdate: function update(userId, doc) {\n\t\treturn true;\n\t},\n\tremove: function remove(userId, doc) {\n\t\treturn true;\n\t}\n});","ast":null,"map":{"version":3,"sources":["/lib/collections.js"],"names":[],"mappings":"AAAA,WAAW,IAAI,MAAM,UAAV,CAAqB,UAArB,CAAX;;;AAGA,SAAS,KAAT,CAAe;AACd,SAAO,gBAAS,MAAT,EAAiB,GAAjB,EAAqB;AAC3B,UAAQ,GAAR,CAAY,oCAAZ;AACA,MAAI,OAAO,IAAP,EAAJ,EAAmB;;AAClB,OAAI,UAAU,IAAI,SAAlB,EAA6B;;AAC5B,WAAO,KAAP;AACA,IAFD,MAEO;;AACN,WAAO,IAAP;AACA;AACD,GAND,MAMO;;AACN,UAAO,KAAP;AACA;AACD,EAZa;AAad,SAAQ,gBAAS,MAAT,EAAiB,GAAjB,EAAqB;AAC5B,SAAO,IAAP;AACA,EAfa;AAgBd,SAAO,gBAAS,MAAT,EAAiB,GAAjB,EAAqB;AAC3B,SAAO,IAAP;AACA;AAlBa,CAAf","file":"/lib/collections.js.map","sourcesContent":["Websites = new Mongo.Collection(\"websites\");\r\n\r\n// set up security on Websites collection\r\nWebsites.allow({\r\n\tinsert:function(userId, doc){\r\n\t\tconsole.log(\"testing security on website insert\");\r\n\t\tif (Meteor.user()) {// they are logged in\r\n\t\t\tif (userId != doc.createdBy) { // the user is messing about\r\n\t\t\t\treturn false;\r\n\t\t\t} else {// the user is logged in, the web site has the correct user id\r\n\t\t\t\treturn true;\r\n\t\t\t}\r\n\t\t} else {// user not logged in\r\n\t\t\treturn false;\r\n\t\t}\r\n\t},\r\n\tupdate: function(userId, doc){\r\n\t\treturn true;\r\n\t},\r\n\tremove:function(userId, doc){\r\n\t\treturn true;\r\n\t}\r\n});"]},"hash":"70373fd3121cfcae26937ab3e01a86e391774659"}
