{"metadata":{"usedHelpers":[],"marked":[],"modules":{"imports":[{"source":"meteor/meteor","imported":["Meteor"],"specifiers":[{"kind":"named","imported":"Meteor","local":"Meteor"}]}],"exports":{"exported":[],"specifiers":[]}}},"options":{"filename":"/server/main.js","filenameRelative":"/server/main.js","env":{},"retainLines":false,"highlightCode":true,"suppressDeprecationMessages":false,"presets":[],"plugins":[[[],{"polyfill":false}],[[],null],[[],null],[[],null],[[],null],[[],null],[[],null],[[],null],[[],null],[[],null],[[],null],[[],null],[[],null],[[],null],[[],{"loose":true}],[[],{"loose":true}],[[],null],[[],{"loose":true}],[[],null],[[],null],[[],null],[[],null],[[],null],[[],null],[[],null],[[],{"loose":true}],[[],null],[[],null],[[],null],[[],null],[[],null],[[],null],[[],null],[[],null]],"ignore":[],"code":true,"metadata":true,"ast":false,"comments":true,"compact":false,"minified":false,"sourceMap":true,"sourceMaps":true,"sourceMapTarget":"/server/main.js.map","sourceFileName":"/server/main.js","babelrc":false,"sourceType":"module","moduleIds":false,"passPerPreset":false,"basename":"main"},"ignored":false,"code":"var Meteor;module.import('meteor/meteor',{\"Meteor\":function(v){Meteor=v}});\n\nMeteor.startup(function () {\n    // code to run on server at startup\n    if (!Websites.findOne()) {\n        console.log(\"No websites yet. Creating starter data.\");\n        Websites.insert({\n            title: \"Goldsmiths Computing Department\",\n            url: \"http://www.gold.ac.uk/computing/\",\n            description: \"This is where this course was developed.\",\n            createdOn: new Date()\n        });\n        Websites.insert({\n            title: \"University of London\",\n            url: \"http://www.londoninternational.ac.uk/courses/undergraduate/goldsmiths/bsc-creative-computing-bsc-diploma-work-entry-route\",\n            description: \"University of London International Programme.\",\n            createdOn: new Date()\n        });\n        Websites.insert({\n            title: \"Coursera\",\n            url: \"http://www.coursera.org\",\n            description: \"Universal access to the world’s best education.\",\n            createdOn: new Date()\n        });\n        Websites.insert({\n            title: \"Google\",\n            url: \"http://www.google.com\",\n            description: \"Popular search engine.\",\n            createdOn: new Date()\n        });\n    }\n\n    Meteor.methods({\n        getWebsiteData: function getWebsiteData(url) {\n            this.unblock();\n            return Meteor.http.call(\"GET\", url, { \"npmRequestOptions\": { \"gzip\": true } });\n        }\n    });\n});","ast":null,"map":{"version":3,"sources":["/server/main.js"],"names":[],"mappings":"AAAA,SAAS,MAAT,QAAuB,eAAvB;;AAEA,OAAO,OAAP,CAAe,YAAM;;AAEjB,QAAI,CAAC,SAAS,OAAT,EAAL,EAAwB;AACvB,gBAAQ,GAAR,CAAY,yCAAZ;AACE,iBAAS,MAAT,CAAgB;AACjB,mBAAM,iCADW;AAEjB,iBAAI,kCAFa;AAGjB,yBAAY,0CAHK;AAIjB,uBAAU,IAAI,IAAJ;AAJO,SAAhB;AAMD,iBAAS,MAAT,CAAgB;AAChB,mBAAM,sBADU;AAEhB,iBAAI,2HAFY;AAGhB,yBAAY,+CAHI;AAIhB,uBAAU,IAAI,IAAJ;AAJM,SAAhB;AAMA,iBAAS,MAAT,CAAgB;AAChB,mBAAM,UADU;AAEhB,iBAAI,yBAFY;AAGhB,yBAAY,iDAHI;AAIhB,uBAAU,IAAI,IAAJ;AAJM,SAAhB;AAMD,iBAAS,MAAT,CAAgB;AACf,mBAAM,QADS;AAEf,iBAAI,uBAFW;AAGf,yBAAY,wBAHG;AAIf,uBAAU,IAAI,IAAJ;AAJK,SAAhB;AAMA;;AAED,WAAO,OAAP,CAAe;AACX,wBAAgB,wBAAS,GAAT,EAAc;AAC1B,iBAAK,OAAL;AACA,mBAAO,OAAO,IAAP,CAAY,IAAZ,CAAiB,KAAjB,EAAwB,GAAxB,EAA6B,EAAC,qBAAsB,EAAC,QAAS,IAAV,EAAvB,EAA7B,CAAP;AACH;AAJU,KAAf;AAMH,CApCD","file":"/server/main.js.map","sourcesContent":["import { Meteor } from 'meteor/meteor';\n\nMeteor.startup(() => {\n  // code to run on server at startup\n    if (!Websites.findOne()){\n    \tconsole.log(\"No websites yet. Creating starter data.\");\n    \t  Websites.insert({\n    \t\ttitle:\"Goldsmiths Computing Department\", \n    \t\turl:\"http://www.gold.ac.uk/computing/\", \n    \t\tdescription:\"This is where this course was developed.\", \n    \t\tcreatedOn:new Date()\n    \t});\n    \t Websites.insert({\n    \t\ttitle:\"University of London\", \n    \t\turl:\"http://www.londoninternational.ac.uk/courses/undergraduate/goldsmiths/bsc-creative-computing-bsc-diploma-work-entry-route\", \n    \t\tdescription:\"University of London International Programme.\", \n    \t\tcreatedOn:new Date()\n    \t});\n    \t Websites.insert({\n    \t\ttitle:\"Coursera\", \n    \t\turl:\"http://www.coursera.org\", \n    \t\tdescription:\"Universal access to the world’s best education.\", \n    \t\tcreatedOn:new Date()\n    \t});\n    \tWebsites.insert({\n    \t\ttitle:\"Google\", \n    \t\turl:\"http://www.google.com\", \n    \t\tdescription:\"Popular search engine.\", \n    \t\tcreatedOn:new Date()\n    \t});\n    }\n\n    Meteor.methods({\n        getWebsiteData: function(url) {            \n            this.unblock();\n            return Meteor.http.call(\"GET\", url, {\"npmRequestOptions\" : {\"gzip\" : true}});\n        }\n    });\n});\n"]},"hash":"bb74501e90510eb5b8a1ca793be5d76ca83c863e"}
