{"metadata":{"usedHelpers":["typeof"],"marked":[],"modules":{"imports":[],"exports":{"exported":[],"specifiers":[]}}},"options":{"filename":"/packages/reactive-dict/reactive-dict.js","filenameRelative":"/packages/reactive-dict/reactive-dict.js","env":{},"retainLines":false,"highlightCode":true,"suppressDeprecationMessages":false,"presets":[],"plugins":[[[],{"polyfill":false}],[[],null],[[],null],[[],null],[[],null],[[],null],[[],null],[[],null],[[],null],[[],null],[[],null],[[],null],[[],null],[[],null],[[],{"loose":true}],[[],{"loose":true}],[[],null],[[],{"loose":true}],[[],null],[[],null],[[],null],[[],null],[[],null],[[],null],[[],null],[[],{"loose":true}],[[],null],[[],null],[[],null],[[],null],[[],null],[[],null],[[],null],[[],null]],"ignore":[],"code":true,"metadata":true,"ast":false,"comments":true,"compact":false,"minified":false,"sourceMap":true,"sourceMaps":true,"sourceMapTarget":"/packages/reactive-dict/reactive-dict.js.map","sourceFileName":"/packages/reactive-dict/reactive-dict.js","babelrc":false,"sourceType":"module","moduleIds":false,"passPerPreset":false,"basename":"reactive-dict"},"ignored":false,"code":"var _typeof;module.import('babel-runtime/helpers/typeof',{\"default\":function(v){_typeof=v}});\n// XXX come up with a serialization method which canonicalizes object key\n// order, which would allow us to use objects as values for equals.\nvar stringify = function stringify(value) {\n  if (value === undefined) return 'undefined';\n  return EJSON.stringify(value);\n};\nvar parse = function parse(serialized) {\n  if (serialized === undefined || serialized === 'undefined') return undefined;\n  return EJSON.parse(serialized);\n};\n\nvar changed = function changed(v) {\n  v && v.changed();\n};\n\n// XXX COMPAT WITH 0.9.1 : accept migrationData instead of dictName\nReactiveDict = function (_ReactiveDict) {\n  function ReactiveDict(_x) {\n    return _ReactiveDict.apply(this, arguments);\n  }\n\n  ReactiveDict.toString = function () {\n    return _ReactiveDict.toString();\n  };\n\n  return ReactiveDict;\n}(function (dictName) {\n  // this.keys: key -> value\n  if (dictName) {\n    if (typeof dictName === 'string') {\n      // the normal case, argument is a string name.\n      // _registerDictForMigrate will throw an error on duplicate name.\n      ReactiveDict._registerDictForMigrate(dictName, this);\n      this.keys = ReactiveDict._loadMigratedDict(dictName) || {};\n      this.name = dictName;\n    } else if ((typeof dictName === 'undefined' ? 'undefined' : _typeof(dictName)) === 'object') {\n      // back-compat case: dictName is actually migrationData\n      this.keys = dictName;\n    } else {\n      throw new Error(\"Invalid ReactiveDict argument: \" + dictName);\n    }\n  } else {\n    // no name given; no migration will be performed\n    this.keys = {};\n  }\n\n  this.allDeps = new Tracker.Dependency();\n  this.keyDeps = {}; // key -> Dependency\n  this.keyValueDeps = {}; // key -> Dependency\n});\n\n_.extend(ReactiveDict.prototype, {\n  // set() began as a key/value method, but we are now overloading it\n  // to take an object of key/value pairs, similar to backbone\n  // http://backbonejs.org/#Model-set\n\n  set: function set(keyOrObject, value) {\n    var self = this;\n\n    if ((typeof keyOrObject === 'undefined' ? 'undefined' : _typeof(keyOrObject)) === 'object' && value === undefined) {\n      // Called as `dict.set({...})`\n      self._setObject(keyOrObject);\n      return;\n    }\n    // the input isn't an object, so it must be a key\n    // and we resume with the rest of the function\n    var key = keyOrObject;\n\n    value = stringify(value);\n\n    var keyExisted = _.has(self.keys, key);\n    var oldSerializedValue = keyExisted ? self.keys[key] : 'undefined';\n    var isNewValue = value !== oldSerializedValue;\n\n    self.keys[key] = value;\n\n    if (isNewValue || !keyExisted) {\n      self.allDeps.changed();\n    }\n\n    if (isNewValue) {\n      changed(self.keyDeps[key]);\n      if (self.keyValueDeps[key]) {\n        changed(self.keyValueDeps[key][oldSerializedValue]);\n        changed(self.keyValueDeps[key][value]);\n      }\n    }\n  },\n\n  setDefault: function setDefault(keyOrObject, value) {\n    var self = this;\n\n    if ((typeof keyOrObject === 'undefined' ? 'undefined' : _typeof(keyOrObject)) === 'object' && value === undefined) {\n      // Called as `dict.setDefault({...})`\n      self._setDefaultObject(keyOrObject);\n      return;\n    }\n    // the input isn't an object, so it must be a key\n    // and we resume with the rest of the function\n    var key = keyOrObject;\n\n    if (!_.has(self.keys, key)) {\n      self.set(key, value);\n    }\n  },\n\n  get: function get(key) {\n    var self = this;\n    self._ensureKey(key);\n    self.keyDeps[key].depend();\n    return parse(self.keys[key]);\n  },\n\n  equals: function equals(key, value) {\n    var self = this;\n\n    // Mongo.ObjectID is in the 'mongo' package\n    var ObjectID = null;\n    if (Package.mongo) {\n      ObjectID = Package.mongo.Mongo.ObjectID;\n    }\n\n    // We don't allow objects (or arrays that might include objects) for\n    // .equals, because JSON.stringify doesn't canonicalize object key\n    // order. (We can make equals have the right return value by parsing the\n    // current value and using EJSON.equals, but we won't have a canonical\n    // element of keyValueDeps[key] to store the dependency.) You can still use\n    // \"EJSON.equals(reactiveDict.get(key), value)\".\n    //\n    // XXX we could allow arrays as long as we recursively check that there\n    // are no objects\n    if (typeof value !== 'string' && typeof value !== 'number' && typeof value !== 'boolean' && typeof value !== 'undefined' && !(value instanceof Date) && !(ObjectID && value instanceof ObjectID) && value !== null) {\n      throw new Error(\"ReactiveDict.equals: value must be scalar\");\n    }\n    var serializedValue = stringify(value);\n\n    if (Tracker.active) {\n      self._ensureKey(key);\n\n      if (!_.has(self.keyValueDeps[key], serializedValue)) self.keyValueDeps[key][serializedValue] = new Tracker.Dependency();\n\n      var isNew = self.keyValueDeps[key][serializedValue].depend();\n      if (isNew) {\n        Tracker.onInvalidate(function () {\n          // clean up [key][serializedValue] if it's now empty, so we don't\n          // use O(n) memory for n = values seen ever\n          if (!self.keyValueDeps[key][serializedValue].hasDependents()) delete self.keyValueDeps[key][serializedValue];\n        });\n      }\n    }\n\n    var oldValue = undefined;\n    if (_.has(self.keys, key)) oldValue = parse(self.keys[key]);\n    return EJSON.equals(oldValue, value);\n  },\n\n  all: function all() {\n    this.allDeps.depend();\n    var ret = {};\n    _.each(this.keys, function (value, key) {\n      ret[key] = parse(value);\n    });\n    return ret;\n  },\n\n  clear: function clear() {\n    var self = this;\n\n    var oldKeys = self.keys;\n    self.keys = {};\n\n    self.allDeps.changed();\n\n    _.each(oldKeys, function (value, key) {\n      changed(self.keyDeps[key]);\n      if (self.keyValueDeps[key]) {\n        changed(self.keyValueDeps[key][value]);\n        changed(self.keyValueDeps[key]['undefined']);\n      }\n    });\n  },\n\n  'delete': function _delete(key) {\n    var self = this;\n    var didRemove = false;\n\n    if (_.has(self.keys, key)) {\n      var oldValue = self.keys[key];\n      delete self.keys[key];\n      changed(self.keyDeps[key]);\n      if (self.keyValueDeps[key]) {\n        changed(self.keyValueDeps[key][oldValue]);\n        changed(self.keyValueDeps[key]['undefined']);\n      }\n      self.allDeps.changed();\n      didRemove = true;\n    }\n\n    return didRemove;\n  },\n\n  _setObject: function _setObject(object) {\n    var self = this;\n\n    _.each(object, function (value, key) {\n      self.set(key, value);\n    });\n  },\n\n  _setDefaultObject: function _setDefaultObject(object) {\n    var self = this;\n\n    _.each(object, function (value, key) {\n      self.setDefault(key, value);\n    });\n  },\n\n  _ensureKey: function _ensureKey(key) {\n    var self = this;\n    if (!(key in self.keyDeps)) {\n      self.keyDeps[key] = new Tracker.Dependency();\n      self.keyValueDeps[key] = {};\n    }\n  },\n\n  // Get a JSON value that can be passed to the constructor to\n  // create a new ReactiveDict with the same contents as this one\n  _getMigrationData: function _getMigrationData() {\n    // XXX sanitize and make sure it's JSONible?\n    return this.keys;\n  }\n});","ast":null,"map":{"version":3,"sources":["/packages/reactive-dict/reactive-dict.js"],"names":[],"mappings":";;;AAEA,IAAI,YAAY,SAAZ,SAAY,CAAU,KAAV,EAAiB;AAC/B,MAAI,UAAU,SAAd,EACE,OAAO,WAAP;AACF,SAAO,MAAM,SAAN,CAAgB,KAAhB,CAAP;AACD,CAJD;AAKA,IAAI,QAAQ,SAAR,KAAQ,CAAU,UAAV,EAAsB;AAChC,MAAI,eAAe,SAAf,IAA4B,eAAe,WAA/C,EACE,OAAO,SAAP;AACF,SAAO,MAAM,KAAN,CAAY,UAAZ,CAAP;AACD,CAJD;;AAMA,IAAI,UAAU,SAAV,OAAU,CAAU,CAAV,EAAa;AACzB,OAAK,EAAE,OAAF,EAAL;AACD,CAFD;;;AAKA;AAAA;AAAA;AAAA;;AAAA;AAAA;AAAA;;AAAA;AAAA,EAAe,UAAU,QAAV,EAAoB;;AAEjC,MAAI,QAAJ,EAAc;AACZ,QAAI,OAAO,QAAP,KAAoB,QAAxB,EAAkC;;;AAGhC,mBAAa,uBAAb,CAAqC,QAArC,EAA+C,IAA/C;AACA,WAAK,IAAL,GAAY,aAAa,iBAAb,CAA+B,QAA/B,KAA4C,EAAxD;AACA,WAAK,IAAL,GAAY,QAAZ;AACD,KAND,MAMO,IAAI,QAAO,QAAP,yCAAO,QAAP,OAAoB,QAAxB,EAAkC;;AAEvC,WAAK,IAAL,GAAY,QAAZ;AACD,KAHM,MAGA;AACL,YAAM,IAAI,KAAJ,CAAU,oCAAoC,QAA9C,CAAN;AACD;AACF,GAbD,MAaO;;AAEL,SAAK,IAAL,GAAY,EAAZ;AACD;;AAED,OAAK,OAAL,GAAe,IAAI,QAAQ,UAAZ,EAAf;AACA,OAAK,OAAL,GAAe,EAAf,C;AACA,OAAK,YAAL,GAAoB,EAApB,C;AACD,CAvBD;;AAyBA,EAAE,MAAF,CAAS,aAAa,SAAtB,EAAiC;;;;;AAK/B,OAAK,aAAU,WAAV,EAAuB,KAAvB,EAA8B;AACjC,QAAI,OAAO,IAAX;;AAEA,QAAK,QAAO,WAAP,yCAAO,WAAP,OAAuB,QAAxB,IAAsC,UAAU,SAApD,EAAgE;;AAE9D,WAAK,UAAL,CAAgB,WAAhB;AACA;AACD;;;AAGD,QAAI,MAAM,WAAV;;AAEA,YAAQ,UAAU,KAAV,CAAR;;AAEA,QAAI,aAAa,EAAE,GAAF,CAAM,KAAK,IAAX,EAAiB,GAAjB,CAAjB;AACA,QAAI,qBAAqB,aAAa,KAAK,IAAL,CAAU,GAAV,CAAb,GAA8B,WAAvD;AACA,QAAI,aAAc,UAAU,kBAA5B;;AAEA,SAAK,IAAL,CAAU,GAAV,IAAiB,KAAjB;;AAEA,QAAI,cAAc,CAAC,UAAnB,EAA+B;AAC7B,WAAK,OAAL,CAAa,OAAb;AACD;;AAED,QAAI,UAAJ,EAAgB;AACd,cAAQ,KAAK,OAAL,CAAa,GAAb,CAAR;AACA,UAAI,KAAK,YAAL,CAAkB,GAAlB,CAAJ,EAA4B;AAC1B,gBAAQ,KAAK,YAAL,CAAkB,GAAlB,EAAuB,kBAAvB,CAAR;AACA,gBAAQ,KAAK,YAAL,CAAkB,GAAlB,EAAuB,KAAvB,CAAR;AACD;AACF;AACF,GApC8B;;AAsC/B,cAAY,oBAAU,WAAV,EAAuB,KAAvB,EAA8B;AACxC,QAAI,OAAO,IAAX;;AAEA,QAAK,QAAO,WAAP,yCAAO,WAAP,OAAuB,QAAxB,IAAsC,UAAU,SAApD,EAAgE;;AAE9D,WAAK,iBAAL,CAAuB,WAAvB;AACA;AACD;;;AAGD,QAAI,MAAM,WAAV;;AAEA,QAAI,CAAE,EAAE,GAAF,CAAM,KAAK,IAAX,EAAiB,GAAjB,CAAN,EAA6B;AAC3B,WAAK,GAAL,CAAS,GAAT,EAAc,KAAd;AACD;AACF,GArD8B;;AAuD/B,OAAK,aAAU,GAAV,EAAe;AAClB,QAAI,OAAO,IAAX;AACA,SAAK,UAAL,CAAgB,GAAhB;AACA,SAAK,OAAL,CAAa,GAAb,EAAkB,MAAlB;AACA,WAAO,MAAM,KAAK,IAAL,CAAU,GAAV,CAAN,CAAP;AACD,GA5D8B;;AA8D/B,UAAQ,gBAAU,GAAV,EAAe,KAAf,EAAsB;AAC5B,QAAI,OAAO,IAAX;;;AAGA,QAAI,WAAW,IAAf;AACA,QAAI,QAAQ,KAAZ,EAAmB;AACjB,iBAAW,QAAQ,KAAR,CAAc,KAAd,CAAoB,QAA/B;AACD;;;;;;;;;;;AAWD,QAAI,OAAO,KAAP,KAAiB,QAAjB,IACA,OAAO,KAAP,KAAiB,QADjB,IAEA,OAAO,KAAP,KAAiB,SAFjB,IAGA,OAAO,KAAP,KAAiB,WAHjB,IAIA,EAAE,iBAAiB,IAAnB,CAJA,IAKA,EAAE,YAAY,iBAAiB,QAA/B,CALA,IAMA,UAAU,IANd,EAMoB;AAClB,YAAM,IAAI,KAAJ,CAAU,2CAAV,CAAN;AACD;AACD,QAAI,kBAAkB,UAAU,KAAV,CAAtB;;AAEA,QAAI,QAAQ,MAAZ,EAAoB;AAClB,WAAK,UAAL,CAAgB,GAAhB;;AAEA,UAAI,CAAE,EAAE,GAAF,CAAM,KAAK,YAAL,CAAkB,GAAlB,CAAN,EAA8B,eAA9B,CAAN,EACE,KAAK,YAAL,CAAkB,GAAlB,EAAuB,eAAvB,IAA0C,IAAI,QAAQ,UAAZ,EAA1C;;AAEF,UAAI,QAAQ,KAAK,YAAL,CAAkB,GAAlB,EAAuB,eAAvB,EAAwC,MAAxC,EAAZ;AACA,UAAI,KAAJ,EAAW;AACT,gBAAQ,YAAR,CAAqB,YAAY;;;AAG/B,cAAI,CAAE,KAAK,YAAL,CAAkB,GAAlB,EAAuB,eAAvB,EAAwC,aAAxC,EAAN,EACE,OAAO,KAAK,YAAL,CAAkB,GAAlB,EAAuB,eAAvB,CAAP;AACH,SALD;AAMD;AACF;;AAED,QAAI,WAAW,SAAf;AACA,QAAI,EAAE,GAAF,CAAM,KAAK,IAAX,EAAiB,GAAjB,CAAJ,EAA2B,WAAW,MAAM,KAAK,IAAL,CAAU,GAAV,CAAN,CAAX;AAC3B,WAAO,MAAM,MAAN,CAAa,QAAb,EAAuB,KAAvB,CAAP;AACD,GA/G8B;;AAiH/B,OAAK,eAAW;AACd,SAAK,OAAL,CAAa,MAAb;AACA,QAAI,MAAM,EAAV;AACA,MAAE,IAAF,CAAO,KAAK,IAAZ,EAAkB,UAAS,KAAT,EAAgB,GAAhB,EAAqB;AACrC,UAAI,GAAJ,IAAW,MAAM,KAAN,CAAX;AACD,KAFD;AAGA,WAAO,GAAP;AACD,GAxH8B;;AA0H/B,SAAO,iBAAW;AAChB,QAAI,OAAO,IAAX;;AAEA,QAAI,UAAU,KAAK,IAAnB;AACA,SAAK,IAAL,GAAY,EAAZ;;AAEA,SAAK,OAAL,CAAa,OAAb;;AAEA,MAAE,IAAF,CAAO,OAAP,EAAgB,UAAS,KAAT,EAAgB,GAAhB,EAAqB;AACnC,cAAQ,KAAK,OAAL,CAAa,GAAb,CAAR;AACA,UAAI,KAAK,YAAL,CAAkB,GAAlB,CAAJ,EAA4B;AAC1B,gBAAQ,KAAK,YAAL,CAAkB,GAAlB,EAAuB,KAAvB,CAAR;AACA,gBAAQ,KAAK,YAAL,CAAkB,GAAlB,EAAuB,WAAvB,CAAR;AACD;AACF,KAND;AAQD,GA1I8B;;AA4I/B,YAAQ,iBAAS,GAAT,EAAc;AACpB,QAAI,OAAO,IAAX;AACA,QAAI,YAAY,KAAhB;;AAEA,QAAI,EAAE,GAAF,CAAM,KAAK,IAAX,EAAiB,GAAjB,CAAJ,EAA2B;AACzB,UAAI,WAAW,KAAK,IAAL,CAAU,GAAV,CAAf;AACA,aAAO,KAAK,IAAL,CAAU,GAAV,CAAP;AACA,cAAQ,KAAK,OAAL,CAAa,GAAb,CAAR;AACA,UAAI,KAAK,YAAL,CAAkB,GAAlB,CAAJ,EAA4B;AAC1B,gBAAQ,KAAK,YAAL,CAAkB,GAAlB,EAAuB,QAAvB,CAAR;AACA,gBAAQ,KAAK,YAAL,CAAkB,GAAlB,EAAuB,WAAvB,CAAR;AACD;AACD,WAAK,OAAL,CAAa,OAAb;AACA,kBAAY,IAAZ;AACD;;AAED,WAAO,SAAP;AACD,GA7J8B;;AA+J/B,cAAY,oBAAU,MAAV,EAAkB;AAC5B,QAAI,OAAO,IAAX;;AAEA,MAAE,IAAF,CAAO,MAAP,EAAe,UAAU,KAAV,EAAiB,GAAjB,EAAqB;AAClC,WAAK,GAAL,CAAS,GAAT,EAAc,KAAd;AACD,KAFD;AAGD,GArK8B;;AAuK/B,qBAAmB,2BAAU,MAAV,EAAkB;AACnC,QAAI,OAAO,IAAX;;AAEA,MAAE,IAAF,CAAO,MAAP,EAAe,UAAU,KAAV,EAAiB,GAAjB,EAAqB;AAClC,WAAK,UAAL,CAAgB,GAAhB,EAAqB,KAArB;AACD,KAFD;AAGD,GA7K8B;;AA+K/B,cAAY,oBAAU,GAAV,EAAe;AACzB,QAAI,OAAO,IAAX;AACA,QAAI,EAAE,OAAO,KAAK,OAAd,CAAJ,EAA4B;AAC1B,WAAK,OAAL,CAAa,GAAb,IAAoB,IAAI,QAAQ,UAAZ,EAApB;AACA,WAAK,YAAL,CAAkB,GAAlB,IAAyB,EAAzB;AACD;AACF,GArL8B;;;;AAyL/B,qBAAmB,6BAAY;;AAE7B,WAAO,KAAK,IAAZ;AACD;AA5L8B,CAAjC","file":"/packages/reactive-dict/reactive-dict.js.map","sourcesContent":["// XXX come up with a serialization method which canonicalizes object key\n// order, which would allow us to use objects as values for equals.\nvar stringify = function (value) {\n  if (value === undefined)\n    return 'undefined';\n  return EJSON.stringify(value);\n};\nvar parse = function (serialized) {\n  if (serialized === undefined || serialized === 'undefined')\n    return undefined;\n  return EJSON.parse(serialized);\n};\n\nvar changed = function (v) {\n  v && v.changed();\n};\n\n// XXX COMPAT WITH 0.9.1 : accept migrationData instead of dictName\nReactiveDict = function (dictName) {\n  // this.keys: key -> value\n  if (dictName) {\n    if (typeof dictName === 'string') {\n      // the normal case, argument is a string name.\n      // _registerDictForMigrate will throw an error on duplicate name.\n      ReactiveDict._registerDictForMigrate(dictName, this);\n      this.keys = ReactiveDict._loadMigratedDict(dictName) || {};\n      this.name = dictName;\n    } else if (typeof dictName === 'object') {\n      // back-compat case: dictName is actually migrationData\n      this.keys = dictName;\n    } else {\n      throw new Error(\"Invalid ReactiveDict argument: \" + dictName);\n    }\n  } else {\n    // no name given; no migration will be performed\n    this.keys = {};\n  }\n\n  this.allDeps = new Tracker.Dependency;\n  this.keyDeps = {}; // key -> Dependency\n  this.keyValueDeps = {}; // key -> Dependency\n};\n\n_.extend(ReactiveDict.prototype, {\n  // set() began as a key/value method, but we are now overloading it\n  // to take an object of key/value pairs, similar to backbone\n  // http://backbonejs.org/#Model-set\n\n  set: function (keyOrObject, value) {\n    var self = this;\n\n    if ((typeof keyOrObject === 'object') && (value === undefined)) {\n      // Called as `dict.set({...})`\n      self._setObject(keyOrObject);\n      return;\n    }\n    // the input isn't an object, so it must be a key\n    // and we resume with the rest of the function\n    var key = keyOrObject;\n\n    value = stringify(value);\n\n    var keyExisted = _.has(self.keys, key);\n    var oldSerializedValue = keyExisted ? self.keys[key] : 'undefined';\n    var isNewValue = (value !== oldSerializedValue);\n\n    self.keys[key] = value;\n\n    if (isNewValue || !keyExisted) {\n      self.allDeps.changed();\n    }\n\n    if (isNewValue) {\n      changed(self.keyDeps[key]);\n      if (self.keyValueDeps[key]) {\n        changed(self.keyValueDeps[key][oldSerializedValue]);\n        changed(self.keyValueDeps[key][value]);\n      }\n    }\n  },\n\n  setDefault: function (keyOrObject, value) {\n    var self = this;\n\n    if ((typeof keyOrObject === 'object') && (value === undefined)) {\n      // Called as `dict.setDefault({...})`\n      self._setDefaultObject(keyOrObject);\n      return;\n    }\n    // the input isn't an object, so it must be a key\n    // and we resume with the rest of the function\n    var key = keyOrObject;\n\n    if (! _.has(self.keys, key)) {\n      self.set(key, value);\n    }\n  },\n\n  get: function (key) {\n    var self = this;\n    self._ensureKey(key);\n    self.keyDeps[key].depend();\n    return parse(self.keys[key]);\n  },\n\n  equals: function (key, value) {\n    var self = this;\n\n    // Mongo.ObjectID is in the 'mongo' package\n    var ObjectID = null;\n    if (Package.mongo) {\n      ObjectID = Package.mongo.Mongo.ObjectID;\n    }\n\n    // We don't allow objects (or arrays that might include objects) for\n    // .equals, because JSON.stringify doesn't canonicalize object key\n    // order. (We can make equals have the right return value by parsing the\n    // current value and using EJSON.equals, but we won't have a canonical\n    // element of keyValueDeps[key] to store the dependency.) You can still use\n    // \"EJSON.equals(reactiveDict.get(key), value)\".\n    //\n    // XXX we could allow arrays as long as we recursively check that there\n    // are no objects\n    if (typeof value !== 'string' &&\n        typeof value !== 'number' &&\n        typeof value !== 'boolean' &&\n        typeof value !== 'undefined' &&\n        !(value instanceof Date) &&\n        !(ObjectID && value instanceof ObjectID) &&\n        value !== null) {\n      throw new Error(\"ReactiveDict.equals: value must be scalar\");\n    }\n    var serializedValue = stringify(value);\n\n    if (Tracker.active) {\n      self._ensureKey(key);\n\n      if (! _.has(self.keyValueDeps[key], serializedValue))\n        self.keyValueDeps[key][serializedValue] = new Tracker.Dependency;\n\n      var isNew = self.keyValueDeps[key][serializedValue].depend();\n      if (isNew) {\n        Tracker.onInvalidate(function () {\n          // clean up [key][serializedValue] if it's now empty, so we don't\n          // use O(n) memory for n = values seen ever\n          if (! self.keyValueDeps[key][serializedValue].hasDependents())\n            delete self.keyValueDeps[key][serializedValue];\n        });\n      }\n    }\n\n    var oldValue = undefined;\n    if (_.has(self.keys, key)) oldValue = parse(self.keys[key]);\n    return EJSON.equals(oldValue, value);\n  },\n\n  all: function() {\n    this.allDeps.depend();\n    var ret = {};\n    _.each(this.keys, function(value, key) {\n      ret[key] = parse(value);\n    });\n    return ret;\n  },\n\n  clear: function() {\n    var self = this;\n\n    var oldKeys = self.keys;\n    self.keys = {};\n\n    self.allDeps.changed();\n\n    _.each(oldKeys, function(value, key) {\n      changed(self.keyDeps[key]);\n      if (self.keyValueDeps[key]) {\n        changed(self.keyValueDeps[key][value]);\n        changed(self.keyValueDeps[key]['undefined']);\n      }\n    });\n\n  },\n\n  delete: function(key) {\n    var self = this;\n    var didRemove = false;\n\n    if (_.has(self.keys, key)) {\n      var oldValue = self.keys[key];\n      delete self.keys[key];\n      changed(self.keyDeps[key]);\n      if (self.keyValueDeps[key]) {\n        changed(self.keyValueDeps[key][oldValue]);\n        changed(self.keyValueDeps[key]['undefined']);\n      }\n      self.allDeps.changed();\n      didRemove = true;\n    }\n\n    return didRemove;\n  },\n\n  _setObject: function (object) {\n    var self = this;\n\n    _.each(object, function (value, key){\n      self.set(key, value);\n    });\n  },\n\n  _setDefaultObject: function (object) {\n    var self = this;\n\n    _.each(object, function (value, key){\n      self.setDefault(key, value);\n    });\n  },\n\n  _ensureKey: function (key) {\n    var self = this;\n    if (!(key in self.keyDeps)) {\n      self.keyDeps[key] = new Tracker.Dependency;\n      self.keyValueDeps[key] = {};\n    }\n  },\n\n  // Get a JSON value that can be passed to the constructor to\n  // create a new ReactiveDict with the same contents as this one\n  _getMigrationData: function () {\n    // XXX sanitize and make sure it's JSONible?\n    return this.keys;\n  }\n});\n"]},"hash":"d6aaf80fb02329a339f92e4f3a98021e60db0e6f"}
