{"metadata":{"usedHelpers":[],"marked":[],"modules":{"imports":[],"exports":{"exported":[],"specifiers":[]}}},"options":{"filename":"/lib/collections.js","filenameRelative":"/lib/collections.js","env":{},"retainLines":false,"highlightCode":true,"suppressDeprecationMessages":false,"presets":[],"plugins":[[[],{"polyfill":false}],[[],null],[[],null],[[],null],[[],null],[[],null],[[],null],[[],null],[[],null],[[],null],[[],null],[[],null],[[],null],[[],null],[[],null],[[],null],[[],{"loose":true}],[[],{"loose":true}],[[],null],[[],{"loose":true}],[[],null],[[],null],[[],null],[[],null],[[],null],[[],null],[[],null],[[],{"loose":true}],[[],null],[[],null],[[],null],[[],null],[[],null],[[],null],[[],null],[[],null]],"ignore":[],"code":true,"metadata":true,"ast":false,"comments":true,"compact":false,"minified":false,"sourceMap":true,"sourceMaps":true,"sourceMapTarget":"/lib/collections.js.map","sourceFileName":"/lib/collections.js","babelrc":false,"sourceType":"module","moduleIds":false,"passPerPreset":false,"basename":"collections"},"ignored":false,"code":"Websites = new Mongo.Collection(\"websites\");\n\n// set up security on Websites collection\nWebsites.allow({\n\tinsert: function () {\n\t\tfunction insert(userId, doc) {\n\t\t\tconsole.log(\"testing security on website insert\");\n\t\t\tif (Meteor.user()) {\n\t\t\t\t// they are logged in\n\t\t\t\tif (userId != doc.createdBy) {\n\t\t\t\t\t// the user is messing about\n\t\t\t\t\treturn false;\n\t\t\t\t} else {\n\t\t\t\t\t// the user is logged in, the web site has the correct user id\n\t\t\t\t\treturn true;\n\t\t\t\t}\n\t\t\t} else {\n\t\t\t\t// user not logged in\n\t\t\t\treturn false;\n\t\t\t}\n\t\t}\n\n\t\treturn insert;\n\t}(),\n\tupdate: function () {\n\t\tfunction update(userId, doc) {\n\t\t\treturn true;\n\t\t}\n\n\t\treturn update;\n\t}(),\n\tremove: function () {\n\t\tfunction remove(userId, doc) {\n\t\t\treturn true;\n\t\t}\n\n\t\treturn remove;\n\t}()\n});","ast":null,"map":{"version":3,"sources":["/lib/collections.js"],"names":[],"mappings":"AAAA,WAAW,IAAI,MAAM,UAAV,CAAqB,UAArB,CAAX;;;AAGA,SAAS,KAAT,CAAe;AACd;AAAO,kBAAS,MAAT,EAAiB,GAAjB,EAAqB;AAC3B,WAAQ,GAAR,CAAY,oCAAZ;AACA,OAAI,OAAO,IAAP,EAAJ,EAAmB;;AAClB,QAAI,UAAU,IAAI,SAAlB,EAA6B;;AAC5B,YAAO,KAAP;AACA,KAFD,MAEO;;AACN,YAAO,IAAP;AACA;AACD,IAND,MAMO;;AACN,WAAO,KAAP;AACA;AACD;;AAXD;AAAA,IADc;AAad;AAAQ,kBAAS,MAAT,EAAiB,GAAjB,EAAqB;AAC5B,UAAO,IAAP;AACA;;AAFD;AAAA,IAbc;AAgBd;AAAO,kBAAS,MAAT,EAAiB,GAAjB,EAAqB;AAC3B,UAAO,IAAP;AACA;;AAFD;AAAA;AAhBc,CAAf","file":"/lib/collections.js.map","sourcesContent":["Websites = new Mongo.Collection(\"websites\");\r\n\r\n// set up security on Websites collection\r\nWebsites.allow({\r\n\tinsert:function(userId, doc){\r\n\t\tconsole.log(\"testing security on website insert\");\r\n\t\tif (Meteor.user()) {// they are logged in\r\n\t\t\tif (userId != doc.createdBy) { // the user is messing about\r\n\t\t\t\treturn false;\r\n\t\t\t} else {// the user is logged in, the web site has the correct user id\r\n\t\t\t\treturn true;\r\n\t\t\t}\r\n\t\t} else {// user not logged in\r\n\t\t\treturn false;\r\n\t\t}\r\n\t},\r\n\tupdate: function(userId, doc){\r\n\t\treturn true;\r\n\t},\r\n\tremove:function(userId, doc){\r\n\t\treturn true;\r\n\t}\r\n});"]},"hash":"eb3c8d54b3f864e0f67df7eccbd7229c8c8b9206"}
