{"lastInput":{"dependencies":["meteor-base","mobile-experience","mongo","blaze-html-templates","reactive-var","jquery","tracker","standard-minifier-css","standard-minifier-js","es5-shim","ecmascript","shell-server","autopublish","insecure","twbs:bootstrap","accounts-ui","accounts-password","momentjs:moment","iron:router","http","session"],"constraints":["meteor-base@1.0.4","mobile-experience@1.0.4","mongo@1.1.12_1","blaze-html-templates@1.0.4","reactive-var@1.0.10","jquery@1.11.9","tracker@1.1.0","standard-minifier-css@1.2.0_1","standard-minifier-js@1.2.0_1","es5-shim@4.6.14_1","ecmascript@0.5.8_1","shell-server@0.2.1","autopublish@1.0.7","insecure@1.0.7","twbs:bootstrap","accounts-ui@1.1.9","accounts-password@1.3.0","momentjs:moment","iron:router","http@1.2.9_1","session@1.1.6"],"previousSolution":{"accounts-base":"1.2.11","accounts-password":"1.3.0","accounts-ui":"1.1.9","accounts-ui-unstyled":"1.1.12","allow-deny":"1.0.5","autopublish":"1.0.7","autoupdate":"1.2.11","babel-compiler":"6.9.1_1","babel-runtime":"0.1.11_1","base64":"1.0.9","binary-heap":"1.0.9","blaze":"2.1.8","blaze-html-templates":"1.0.4","blaze-tools":"1.0.9","boilerplate-generator":"1.0.9","caching-compiler":"1.0.6","caching-html-compiler":"1.0.6","callback-hook":"1.0.9","check":"1.2.3","ddp":"1.2.5","ddp-client":"1.2.9","ddp-common":"1.2.6","ddp-rate-limiter":"1.0.5","ddp-server":"1.2.10","deps":"1.0.12","diff-sequence":"1.0.6","ecmascript":"0.5.8_1","ecmascript-runtime":"0.3.14_1","ejson":"1.0.12","email":"1.1.17","es5-shim":"4.6.14_1","fastclick":"1.0.12","geojson-utils":"1.0.9","hot-code-push":"1.0.4","html-tools":"1.0.10","htmljs":"1.0.10","http":"1.2.9_1","id-map":"1.0.8","insecure":"1.0.7","iron:controller":"1.0.12","iron:core":"1.0.11","iron:dynamic-template":"1.0.12","iron:layout":"1.0.12","iron:location":"1.0.11","iron:middleware-stack":"1.1.0","iron:router":"1.0.13","iron:url":"1.0.11","jquery":"1.11.9","launch-screen":"1.0.12","less":"2.6.5","livedata":"1.0.18","localstorage":"1.0.11","logging":"1.1.15_1","meteor":"1.2.17_1","meteor-base":"1.0.4","minifier-css":"1.2.14_1","minifier-js":"1.2.14_1","minimongo":"1.0.17","mobile-experience":"1.0.4","mobile-status-bar":"1.0.12","modules":"0.7.6_1","modules-runtime":"0.7.6_1","momentjs:moment":"2.15.0","mongo":"1.1.12_1","mongo-id":"1.0.5","npm-bcrypt":"0.9.1","npm-mongo":"1.5.48","observe-sequence":"1.0.12","ordered-dict":"1.0.8","promise":"0.8.4_1","random":"1.0.10","rate-limit":"1.0.5","reactive-dict":"1.1.8","reactive-var":"1.0.10","reload":"1.1.10","retry":"1.0.8","routepolicy":"1.0.11","service-configuration":"1.0.10","session":"1.1.6","sha":"1.0.8","shell-server":"0.2.1","spacebars":"1.0.12","spacebars-compiler":"1.0.12","srp":"1.0.9","standard-minifier-css":"1.2.0_1","standard-minifier-js":"1.2.0_1","templating":"1.1.14","templating-tools":"1.0.4","tracker":"1.1.0","twbs:bootstrap":"3.3.6","ui":"1.0.11","underscore":"1.0.9","url":"1.0.10","webapp":"1.3.11_1","webapp-hashing":"1.0.9"}},"lastOutput":{"neededToUseUnanticipatedPrereleases":false,"answer":{"accounts-base":"1.2.11","accounts-password":"1.3.0","accounts-ui":"1.1.9","accounts-ui-unstyled":"1.1.12","allow-deny":"1.0.5","autopublish":"1.0.7","autoupdate":"1.2.11","babel-compiler":"6.9.1_1","babel-runtime":"0.1.11_1","base64":"1.0.9","binary-heap":"1.0.9","blaze":"2.1.8","blaze-html-templates":"1.0.4","blaze-tools":"1.0.9","boilerplate-generator":"1.0.9","caching-compiler":"1.0.6","caching-html-compiler":"1.0.6","callback-hook":"1.0.9","check":"1.2.3","ddp":"1.2.5","ddp-client":"1.2.9","ddp-common":"1.2.6","ddp-rate-limiter":"1.0.5","ddp-server":"1.2.10","deps":"1.0.12","diff-sequence":"1.0.6","ecmascript":"0.5.8_1","ecmascript-runtime":"0.3.14_1","ejson":"1.0.12","email":"1.1.17","es5-shim":"4.6.14_1","fastclick":"1.0.12","geojson-utils":"1.0.9","hot-code-push":"1.0.4","html-tools":"1.0.10","htmljs":"1.0.10","http":"1.2.9_1","id-map":"1.0.8","insecure":"1.0.7","iron:controller":"1.0.12","iron:core":"1.0.11","iron:dynamic-template":"1.0.12","iron:layout":"1.0.12","iron:location":"1.0.11","iron:middleware-stack":"1.1.0","iron:router":"1.0.13","iron:url":"1.0.11","isobuild:compiler-plugin":"1.0.0","isobuild:isopack-2":"1.0.0","isobuild:minifier-plugin":"1.0.0","jquery":"1.11.9","launch-screen":"1.0.12","less":"2.6.5","livedata":"1.0.18","localstorage":"1.0.11","logging":"1.1.15_1","meteor":"1.2.17_1","meteor-base":"1.0.4","minifier-css":"1.2.14_1","minifier-js":"1.2.14_1","minimongo":"1.0.17","mobile-experience":"1.0.4","mobile-status-bar":"1.0.12","modules":"0.7.6_1","modules-runtime":"0.7.6_1","momentjs:moment":"2.15.0","mongo":"1.1.12_1","mongo-id":"1.0.5","npm-bcrypt":"0.9.1","npm-mongo":"1.5.48","observe-sequence":"1.0.12","ordered-dict":"1.0.8","promise":"0.8.4_1","random":"1.0.10","rate-limit":"1.0.5","reactive-dict":"1.1.8","reactive-var":"1.0.10","reload":"1.1.10","retry":"1.0.8","routepolicy":"1.0.11","service-configuration":"1.0.10","session":"1.1.6","sha":"1.0.8","shell-server":"0.2.1","spacebars":"1.0.12","spacebars-compiler":"1.0.12","srp":"1.0.9","standard-minifier-css":"1.2.0_1","standard-minifier-js":"1.2.0_1","templating":"1.1.14","templating-tools":"1.0.4","tracker":"1.1.0","twbs:bootstrap":"3.3.6","ui":"1.0.11","underscore":"1.0.9","url":"1.0.10","webapp":"1.3.11_1","webapp-hashing":"1.0.9"}}}
